Date,USD/TWD close
1-Jan-15,31.654
2-Jan-15,31.813
5-Jan-15,32.01
6-Jan-15,32.014
7-Jan-15,31.995
8-Jan-15,31.98
9-Jan-15,31.908
12-Jan-15,31.885
13-Jan-15,31.84
14-Jan-15,31.821
15-Jan-15,31.66
16-Jan-15,31.469
19-Jan-15,31.491
20-Jan-15,31.66
21-Jan-15,31.505
22-Jan-15,31.432
23-Jan-15,31.254
26-Jan-15,31.322
27-Jan-15,31.056
28-Jan-15,31.228
29-Jan-15,31.583
30-Jan-15,31.742
2-Feb-15,31.58
3-Feb-15,31.473
4-Feb-15,31.465
5-Feb-15,31.489
6-Feb-15,31.66
9-Feb-15,31.57
10-Feb-15,31.576
11-Feb-15,31.615
12-Feb-15,31.304
13-Feb-15,31.324
16-Feb-15,31.432
17-Feb-15,31.61
18-Feb-15,31.685
19-Feb-15,31.787
20-Feb-15,31.761
23-Feb-15,31.725
24-Feb-15,31.651
25-Feb-15,31.43
26-Feb-15,31.463
27-Feb-15,31.442
2-Mar-15,31.425
3-Mar-15,31.365
4-Mar-15,31.415
5-Mar-15,31.511
6-Mar-15,31.611
9-Mar-15,31.537
10-Mar-15,31.694
11-Mar-15,31.706
12-Mar-15,31.603
13-Mar-15,31.704
16-Mar-15,31.634
17-Mar-15,31.507
18-Mar-15,31.306
19-Mar-15,31.478
20-Mar-15,31.354
23-Mar-15,31.276
24-Mar-15,31.236
25-Mar-15,31.239
26-Mar-15,31.263
27-Mar-15,31.18
30-Mar-15,31.26
31-Mar-15,31.253
1-Apr-15,31.233
2-Apr-15,31.03
3-Apr-15,30.89
6-Apr-15,30.935
7-Apr-15,31.04
8-Apr-15,31.115
9-Apr-15,31.255
10-Apr-15,31.245
13-Apr-15,31.335
14-Apr-15,31.236
15-Apr-15,31.208
16-Apr-15,31.075
17-Apr-15,31.025
20-Apr-15,31.078
21-Apr-15,31.095
22-Apr-15,31.084
23-Apr-15,31
24-Apr-15,30.713
27-Apr-15,30.426
28-Apr-15,30.449
29-Apr-15,30.41
30-Apr-15,30.616
1-May-15,30.749
4-May-15,30.72
5-May-15,30.648
6-May-15,30.595
7-May-15,30.793
8-May-15,30.678
11-May-15,30.817
12-May-15,30.755
13-May-15,30.665
14-May-15,30.523
15-May-15,30.429
18-May-15,30.494
19-May-15,30.523
20-May-15,30.468
21-May-15,30.425
22-May-15,30.454
25-May-15,30.495
26-May-15,30.668
27-May-15,30.66
28-May-15,30.653
29-May-15,30.828
1-Jun-15,30.884
2-Jun-15,30.809
3-Jun-15,30.79
4-Jun-15,30.9
5-Jun-15,31.055
8-Jun-15,31.08
9-Jun-15,31.164
10-Jun-15,30.876
11-Jun-15,30.933
12-Jun-15,30.919
15-Jun-15,30.909
16-Jun-15,30.879
17-Jun-15,30.933
18-Jun-15,30.719
19-Jun-15,30.727
22-Jun-15,30.752
23-Jun-15,30.883
24-Jun-15,30.975
25-Jun-15,30.947
26-Jun-15,31
29-Jun-15,30.879
30-Jun-15,30.894
1-Jul-15,30.953
2-Jul-15,30.89
3-Jul-15,30.88
6-Jul-15,30.93
7-Jul-15,31.08
8-Jul-15,31.035
9-Jul-15,31.063
10-Jul-15,31.027
13-Jul-15,31.07
14-Jul-15,31.015
15-Jul-15,31.105
16-Jul-15,31.07
17-Jul-15,31.122
20-Jul-15,31.235
21-Jul-15,31.18
22-Jul-15,31.225
23-Jul-15,31.285
24-Jul-15,31.481
27-Jul-15,31.593
28-Jul-15,31.403
29-Jul-15,31.485
30-Jul-15,31.573
31-Jul-15,31.66
3-Aug-15,31.7
4-Aug-15,31.678
5-Aug-15,31.713
6-Aug-15,31.608
7-Aug-15,31.66
10-Aug-15,31.594
11-Aug-15,32.175
12-Aug-15,32.17
13-Aug-15,32.16
14-Aug-15,32.175
17-Aug-15,32.436
18-Aug-15,32.461
19-Aug-15,32.46
20-Aug-15,32.568
21-Aug-15,32.675
24-Aug-15,33.012
25-Aug-15,32.454
26-Aug-15,32.472
27-Aug-15,32.28
28-Aug-15,32.358
31-Aug-15,32.501
1-Sep-15,32.428
2-Sep-15,32.46
3-Sep-15,32.495
4-Sep-15,32.684
7-Sep-15,32.769
8-Sep-15,32.65
9-Sep-15,32.495
10-Sep-15,32.358
11-Sep-15,32.43
14-Sep-15,32.49
15-Sep-15,32.5
16-Sep-15,32.475
17-Sep-15,32.385
18-Sep-15,32.314
21-Sep-15,32.666
22-Sep-15,32.919
23-Sep-15,32.997
24-Sep-15,33.105
25-Sep-15,33.121
28-Sep-15,33.154
29-Sep-15,33.04
30-Sep-15,32.993
1-Oct-15,32.8
2-Oct-15,32.725
5-Oct-15,32.468
6-Oct-15,32.594
7-Oct-15,32.475
8-Oct-15,32.37
9-Oct-15,32.288
12-Oct-15,32.33
13-Oct-15,32.526
14-Oct-15,32.325
15-Oct-15,31.955
16-Oct-15,32.213
19-Oct-15,32.486
20-Oct-15,32.354
21-Oct-15,32.47
22-Oct-15,32.442
23-Oct-15,32.479
26-Oct-15,32.375
27-Oct-15,32.469
28-Oct-15,32.621
29-Oct-15,32.535
30-Oct-15,32.457
2-Nov-15,32.45
3-Nov-15,32.45
4-Nov-15,32.431
5-Nov-15,32.465
6-Nov-15,32.731
9-Nov-15,32.755
10-Nov-15,32.743
11-Nov-15,32.665
12-Nov-15,32.71
13-Nov-15,32.845
16-Nov-15,32.81
17-Nov-15,32.8
18-Nov-15,32.798
19-Nov-15,32.479
20-Nov-15,32.51
23-Nov-15,32.65
24-Nov-15,32.461
25-Nov-15,32.504
26-Nov-15,32.535
27-Nov-15,32.709
30-Nov-15,32.71
1-Dec-15,32.612
2-Dec-15,32.805
3-Dec-15,32.716
4-Dec-15,32.736
7-Dec-15,32.894
8-Dec-15,32.927
9-Dec-15,32.883
10-Dec-15,32.739
11-Dec-15,33.058
14-Dec-15,32.895
15-Dec-15,32.755
16-Dec-15,32.755
17-Dec-15,32.999
18-Dec-15,32.909
21-Dec-15,32.91
22-Dec-15,32.86
23-Dec-15,32.825
24-Dec-15,32.8
25-Dec-15,32.79
28-Dec-15,32.747
29-Dec-15,32.83
30-Dec-15,32.995
31-Dec-15,32.835
1-Jan-16,32.835
4-Jan-16,33.125
5-Jan-16,33.191
6-Jan-16,33.275
7-Jan-16,33.26
8-Jan-16,33.349
11-Jan-16,33.309
12-Jan-16,33.394
13-Jan-16,33.375
14-Jan-16,33.432
15-Jan-16,33.499
18-Jan-16,33.625
19-Jan-16,33.628
20-Jan-16,33.735
21-Jan-16,33.625
22-Jan-16,33.475
25-Jan-16,33.529
26-Jan-16,33.551
27-Jan-16,33.605
28-Jan-16,33.58
29-Jan-16,33.493
1-Feb-16,33.39
2-Feb-16,33.48
3-Feb-16,33.33
4-Feb-16,33.08
5-Feb-16,33.325
8-Feb-16,33.42
9-Feb-16,33.245
10-Feb-16,32.935
11-Feb-16,32.945
12-Feb-16,33.006
15-Feb-16,33.11
16-Feb-16,33.227
17-Feb-16,33.305
18-Feb-16,33.265
19-Feb-16,33.252
22-Feb-16,33.209
23-Feb-16,33.27
24-Feb-16,33.285
25-Feb-16,33.265
26-Feb-16,33.297
29-Feb-16,33.26
1-Mar-16,33.023
2-Mar-16,33.095
3-Mar-16,32.866
4-Mar-16,32.505
7-Mar-16,32.626
8-Mar-16,32.797
9-Mar-16,32.813
10-Mar-16,32.895
11-Mar-16,32.665
14-Mar-16,32.672
15-Mar-16,32.791
16-Mar-16,32.485
17-Mar-16,32.31
18-Mar-16,32.341
21-Mar-16,32.375
22-Mar-16,32.339
23-Mar-16,32.51
24-Mar-16,32.594
25-Mar-16,32.523
28-Mar-16,32.632
29-Mar-16,32.386
30-Mar-16,32.156
31-Mar-16,32.207
1-Apr-16,32.286
4-Apr-16,32.391
5-Apr-16,32.479
6-Apr-16,32.41
7-Apr-16,32.445
8-Apr-16,32.435
11-Apr-16,32.373
12-Apr-16,32.327
13-Apr-16,32.387
14-Apr-16,32.425
15-Apr-16,32.315
18-Apr-16,32.315
19-Apr-16,32.172
20-Apr-16,32.24
21-Apr-16,32.306
22-Apr-16,32.395
25-Apr-16,32.366
26-Apr-16,32.311
27-Apr-16,32.339
28-Apr-16,32.211
29-Apr-16,32.291
2-May-16,32.252
3-May-16,32.34
4-May-16,32.381
5-May-16,32.41
6-May-16,32.405
9-May-16,32.587
10-May-16,32.529
11-May-16,32.508
12-May-16,32.61
13-May-16,32.673
16-May-16,32.67
17-May-16,32.595
18-May-16,32.8
19-May-16,32.765
20-May-16,32.703
23-May-16,32.617
24-May-16,32.649
25-May-16,32.576
26-May-16,32.502
27-May-16,32.578
30-May-16,32.625
31-May-16,32.587
1-Jun-16,32.611
2-Jun-16,32.61
3-Jun-16,32.275
4-Jun-16,32.48
6-Jun-16,32.264
7-Jun-16,32.155
8-Jun-16,32.155
9-Jun-16,32.239
10-Jun-16,32.287
13-Jun-16,32.402
14-Jun-16,32.421
15-Jun-16,32.369
16-Jun-16,32.365
17-Jun-16,32.341
20-Jun-16,32.245
21-Jun-16,32.163
22-Jun-16,32.122
23-Jun-16,31.917
24-Jun-16,32.47
27-Jun-16,32.554
28-Jun-16,32.379
29-Jun-16,32.254
30-Jun-16,32.217
1-Jul-16,32.229
4-Jul-16,32.207
5-Jul-16,32.349
6-Jul-16,32.372
7-Jul-16,32.353
8-Jul-16,32.257
11-Jul-16,32.198
12-Jul-16,32.122
13-Jul-16,32.183
14-Jul-16,31.998
15-Jul-16,31.905
18-Jul-16,31.935
19-Jul-16,32.022
20-Jul-16,32.062
21-Jul-16,32.03
22-Jul-16,31.997
25-Jul-16,32.192
26-Jul-16,32.102
27-Jul-16,32.014
28-Jul-16,31.977
29-Jul-16,31.823
1-Aug-16,31.544
2-Aug-16,31.648
3-Aug-16,31.684
4-Aug-16,31.68
5-Aug-16,31.563
8-Aug-16,31.425
9-Aug-16,31.36
10-Aug-16,31.056
11-Aug-16,31.315
12-Aug-16,31.424
15-Aug-16,31.327
16-Aug-16,31.297
17-Aug-16,31.413
18-Aug-16,31.419
19-Aug-16,31.617
22-Aug-16,31.801
23-Aug-16,31.827
24-Aug-16,31.762
25-Aug-16,31.666
26-Aug-16,31.761
29-Aug-16,31.689
30-Aug-16,31.747
31-Aug-16,31.737
1-Sep-16,31.71
2-Sep-16,31.635
5-Sep-16,31.401
6-Sep-16,31.153
7-Sep-16,31.245
8-Sep-16,31.319
9-Sep-16,31.642
12-Sep-16,31.655
13-Sep-16,31.848
14-Sep-16,31.693
15-Sep-16,31.638
16-Sep-16,31.695
19-Sep-16,31.423
20-Sep-16,31.329
21-Sep-16,31.153
22-Sep-16,31.33
23-Sep-16,31.326
26-Sep-16,31.443
27-Sep-16,31.405
28-Sep-16,31.377
29-Sep-16,31.421
30-Sep-16,31.325
3-Oct-16,31.337
4-Oct-16,31.474
5-Oct-16,31.453
6-Oct-16,31.473
7-Oct-16,31.453
10-Oct-16,31.456
11-Oct-16,31.575
12-Oct-16,31.626
13-Oct-16,31.73
14-Oct-16,31.709
17-Oct-16,31.787
18-Oct-16,31.537
19-Oct-16,31.466
20-Oct-16,31.588
21-Oct-16,31.76
24-Oct-16,31.683
25-Oct-16,31.507
26-Oct-16,31.543
27-Oct-16,31.739
28-Oct-16,31.632
31-Oct-16,31.52
1-Nov-16,31.562
2-Nov-16,31.495
3-Nov-16,31.492
4-Nov-16,31.473
7-Nov-16,31.48
8-Nov-16,31.303
9-Nov-16,31.636
10-Nov-16,31.716
11-Nov-16,31.926
14-Nov-16,32.028
15-Nov-16,31.849
16-Nov-16,31.815
17-Nov-16,31.959
18-Nov-16,32.043
21-Nov-16,31.985
22-Nov-16,31.779
23-Nov-16,31.921
24-Nov-16,31.919
25-Nov-16,31.846
28-Nov-16,31.795
29-Nov-16,31.812
30-Nov-16,31.898
1-Dec-16,31.89
2-Dec-16,31.867
5-Dec-16,32.035
6-Dec-16,31.942
7-Dec-16,31.719
8-Dec-16,31.733
9-Dec-16,31.8
12-Dec-16,31.805
13-Dec-16,31.764
14-Dec-16,31.922
15-Dec-16,31.92
16-Dec-16,32.026
19-Dec-16,31.98
20-Dec-16,32.04
21-Dec-16,32.03
22-Dec-16,32.169
23-Dec-16,32.175
26-Dec-16,32.221
27-Dec-16,32.281
28-Dec-16,32.425
29-Dec-16,32.295
30-Dec-16,32.454
2-Jan-17,32.365
3-Jan-17,32.305
4-Jan-17,32.225
5-Jan-17,31.804
6-Jan-17,32.01
9-Jan-17,32.098
10-Jan-17,31.944
11-Jan-17,31.746
12-Jan-17,31.601
13-Jan-17,31.57
16-Jan-17,31.705
17-Jan-17,31.405
18-Jan-17,31.705
19-Jan-17,31.58
20-Jan-17,31.515
23-Jan-17,31.316
24-Jan-17,31.389
25-Jan-17,31.287
26-Jan-17,31.49
27-Jan-17,31.555
30-Jan-17,31.36
31-Jan-17,31.167
1-Feb-17,31.279
2-Feb-17,31.095
3-Feb-17,30.826
6-Feb-17,30.87
7-Feb-17,31.043
8-Feb-17,31.1
9-Feb-17,31.045
10-Feb-17,30.969
13-Feb-17,30.96
14-Feb-17,30.77
15-Feb-17,30.761
16-Feb-17,30.794
17-Feb-17,30.896
20-Feb-17,30.799
21-Feb-17,30.793
22-Feb-17,30.782
23-Feb-17,30.75
24-Feb-17,30.655
27-Feb-17,30.656
28-Feb-17,30.656
1-Mar-17,30.771
2-Mar-17,30.913
3-Mar-17,30.921
6-Mar-17,30.98
7-Mar-17,30.885
8-Mar-17,30.925
9-Mar-17,31.023
10-Mar-17,31.075
13-Mar-17,30.933
14-Mar-17,30.963
15-Mar-17,30.501
16-Mar-17,30.504
17-Mar-17,30.533
20-Mar-17,30.383
21-Mar-17,30.511
22-Mar-17,30.495
23-Mar-17,30.477
24-Mar-17,30.369
27-Mar-17,30.245
28-Mar-17,30.264
29-Mar-17,30.177
30-Mar-17,30.313
31-Mar-17,30.33
3-Apr-17,30.386
4-Apr-17,30.477
5-Apr-17,30.39
6-Apr-17,30.554
7-Apr-17,30.607
10-Apr-17,30.645
11-Apr-17,30.647
12-Apr-17,30.395
13-Apr-17,30.32
14-Apr-17,30.388
17-Apr-17,30.345
18-Apr-17,30.401
19-Apr-17,30.415
20-Apr-17,30.404
21-Apr-17,30.37
24-Apr-17,30.267
25-Apr-17,30.141
26-Apr-17,30.125
27-Apr-17,30.163
28-Apr-17,30.187
1-May-17,30.21
2-May-17,30.052
3-May-17,30.053
4-May-17,30.133
5-May-17,30.2
8-May-17,30.164
9-May-17,30.247
10-May-17,30.258
11-May-17,30.12
12-May-17,30.191
15-May-17,30.046
16-May-17,30.106
17-May-17,30.134
18-May-17,30.215
19-May-17,30.006
22-May-17,29.98
23-May-17,30.151
24-May-17,30.172
25-May-17,30.076
26-May-17,30.111
29-May-17,30.198
30-May-17,30.179
31-May-17,30.096
1-Jun-17,30.107
2-Jun-17,30.115
5-Jun-17,30.075
6-Jun-17,30.088
7-Jun-17,30.172
8-Jun-17,30.102
9-Jun-17,30.102
12-Jun-17,30.172
13-Jun-17,30.219
14-Jun-17,30.171
15-Jun-17,30.27
16-Jun-17,30.363
19-Jun-17,30.358
20-Jun-17,30.461
21-Jun-17,30.459
22-Jun-17,30.442
23-Jun-17,30.385
26-Jun-17,30.328
27-Jun-17,30.387
28-Jun-17,30.43
29-Jun-17,30.394
30-Jun-17,30.433
3-Jul-17,30.535
4-Jul-17,30.523
5-Jul-17,30.498
6-Jul-17,30.593
7-Jul-17,30.548
10-Jul-17,30.529
11-Jul-17,30.553
12-Jul-17,30.346
13-Jul-17,30.377
14-Jul-17,30.272
17-Jul-17,30.414
18-Jul-17,30.364
19-Jul-17,30.39
20-Jul-17,30.454
21-Jul-17,30.447
24-Jul-17,30.349
25-Jul-17,30.351
26-Jul-17,30.233
27-Jul-17,30.247
28-Jul-17,30.294
31-Jul-17,30.215
1-Aug-17,30.252
2-Aug-17,30.244
3-Aug-17,30.221
4-Aug-17,30.212
7-Aug-17,30.229
8-Aug-17,30.193
9-Aug-17,30.22
10-Aug-17,30.341
11-Aug-17,30.347
14-Aug-17,30.298
15-Aug-17,30.301
16-Aug-17,30.325
17-Aug-17,30.309
18-Aug-17,30.323
21-Aug-17,30.322
22-Aug-17,30.29
23-Aug-17,30.285
24-Aug-17,30.256
25-Aug-17,30.106
28-Aug-17,30.131
29-Aug-17,30.197
30-Aug-17,30.15
31-Aug-17,30.194
1-Sep-17,30.119
4-Sep-17,30.09
5-Sep-17,30.07
6-Sep-17,30.096
7-Sep-17,29.957
8-Sep-17,30.006
11-Sep-17,30.023
12-Sep-17,30.023
13-Sep-17,30.053
14-Sep-17,30.105
15-Sep-17,30.069
18-Sep-17,30.105
19-Sep-17,30.09
20-Sep-17,30.128
21-Sep-17,30.196
22-Sep-17,30.182
25-Sep-17,30.191
26-Sep-17,30.261
27-Sep-17,30.318
28-Sep-17,30.395
29-Sep-17,30.332
30-Sep-17,30.328
2-Oct-17,30.411
3-Oct-17,30.433
4-Oct-17,30.419
5-Oct-17,30.349
6-Oct-17,30.375
9-Oct-17,30.373
10-Oct-17,30.363
11-Oct-17,30.228
12-Oct-17,30.206
13-Oct-17,30.122
16-Oct-17,30.157
17-Oct-17,30.196
18-Oct-17,30.204
19-Oct-17,30.224
20-Oct-17,30.237
23-Oct-17,30.257
24-Oct-17,30.268
25-Oct-17,30.262
26-Oct-17,30.228
27-Oct-17,30.152
30-Oct-17,30.198
31-Oct-17,30.168
1-Nov-17,30.145
2-Nov-17,30.18
3-Nov-17,30.171
6-Nov-17,30.197
7-Nov-17,30.17
8-Nov-17,30.183
9-Nov-17,30.2
10-Nov-17,30.17
13-Nov-17,30.189
14-Nov-17,30.112
15-Nov-17,30.078
16-Nov-17,30.06
17-Nov-17,30.072
20-Nov-17,30.093
21-Nov-17,29.998
22-Nov-17,29.956
23-Nov-17,30.004
24-Nov-17,29.97
27-Nov-17,30
28-Nov-17,29.996
29-Nov-17,29.992
30-Nov-17,29.999
1-Dec-17,29.998
4-Dec-17,30.031
5-Dec-17,29.99
6-Dec-17,30.011
7-Dec-17,30.027
8-Dec-17,30.029
11-Dec-17,30.02
12-Dec-17,30.016
13-Dec-17,30.023
14-Dec-17,30.005
15-Dec-17,29.963
18-Dec-17,30.004
19-Dec-17,29.979
20-Dec-17,29.991
21-Dec-17,29.971
22-Dec-17,29.893
25-Dec-17,29.913
26-Dec-17,29.951
27-Dec-17,29.937
28-Dec-17,29.825
29-Dec-17,29.667
1-Jan-18,29.694
2-Jan-18,29.623
3-Jan-18,29.593
4-Jan-18,29.585
5-Jan-18,29.457
8-Jan-18,29.519
9-Jan-18,29.543
10-Jan-18,29.595
11-Jan-18,29.603
12-Jan-18,29.611
15-Jan-18,29.537
16-Jan-18,29.551
17-Jan-18,29.557
18-Jan-18,29.559
19-Jan-18,29.368
22-Jan-18,29.209
23-Jan-18,29.222
24-Jan-18,29.111
25-Jan-18,29.117
26-Jan-18,29.089
29-Jan-18,29.201
30-Jan-18,29.239
31-Jan-18,29.176
1-Feb-18,29.17
2-Feb-18,29.349
5-Feb-18,29.41
6-Feb-18,29.209
7-Feb-18,29.361
8-Feb-18,29.444
9-Feb-18,29.37
12-Feb-18,29.309
13-Feb-18,29.293
14-Feb-18,29.065
15-Feb-18,28.964
16-Feb-18,29.076
19-Feb-18,29.037
20-Feb-18,29.2
21-Feb-18,29.233
22-Feb-18,29.297
23-Feb-18,29.25
26-Feb-18,29.214
27-Feb-18,29.293
28-Feb-18,29.336
1-Mar-18,29.303
2-Mar-18,29.282
5-Mar-18,29.273
6-Mar-18,29.21
7-Mar-18,29.267
8-Mar-18,29.34
9-Mar-18,29.254
12-Mar-18,29.271
13-Mar-18,29.263
14-Mar-18,29.206
15-Mar-18,29.143
16-Mar-18,29.128
19-Mar-18,29.172
20-Mar-18,29.157
21-Mar-18,29.086
22-Mar-18,29.192
23-Mar-18,29.192
26-Mar-18,29.093
27-Mar-18,29.197
28-Mar-18,29.152
29-Mar-18,29.119
30-Mar-18,29.093
2-Apr-18,29.143
3-Apr-18,29.141
4-Apr-18,29.184
5-Apr-18,29.252
6-Apr-18,29.316
9-Apr-18,29.255
10-Apr-18,29.19
11-Apr-18,29.203
12-Apr-18,29.298
13-Apr-18,29.324
16-Apr-18,29.359
17-Apr-18,29.365
18-Apr-18,29.3
19-Apr-18,29.399
20-Apr-18,29.466
23-Apr-18,29.609
24-Apr-18,29.626
25-Apr-18,29.692
26-Apr-18,29.659
27-Apr-18,29.566
30-Apr-18,29.639
1-May-18,29.682
2-May-18,29.793
3-May-18,29.684
4-May-18,29.679
7-May-18,29.826
8-May-18,29.811
9-May-18,29.932
10-May-18,29.723
11-May-18,29.764
14-May-18,29.823
15-May-18,29.922
16-May-18,29.855
17-May-18,29.947
18-May-18,29.947
21-May-18,29.893
22-May-18,29.883
23-May-18,29.968
24-May-18,29.947
25-May-18,29.959
28-May-18,29.956
29-May-18,30.069
30-May-18,29.933
31-May-18,29.988
1-Jun-18,29.819
4-Jun-18,29.748
5-Jun-18,29.818
6-Jun-18,29.698
7-Jun-18,29.77
8-Jun-18,29.851
11-Jun-18,29.822
12-Jun-18,29.877
13-Jun-18,29.856
14-Jun-18,29.942
15-Jun-18,30.147
18-Jun-18,30.16
19-Jun-18,30.187
20-Jun-18,30.196
21-Jun-18,30.322
22-Jun-18,30.312
25-Jun-18,30.373
26-Jun-18,30.419
27-Jun-18,30.526
28-Jun-18,30.571
29-Jun-18,30.479
2-Jul-18,30.544
3-Jul-18,30.549
4-Jul-18,30.511
5-Jul-18,30.527
6-Jul-18,30.443
9-Jul-18,30.322
10-Jul-18,30.36
11-Jul-18,30.663
12-Jul-18,30.514
13-Jul-18,30.581
16-Jul-18,30.543
17-Jul-18,30.548
18-Jul-18,30.603
19-Jul-18,30.681
20-Jul-18,30.598
23-Jul-18,30.631
24-Jul-18,30.622
25-Jul-18,30.473
26-Jul-18,30.607
27-Jul-18,30.57
30-Jul-18,30.588
31-Jul-18,30.583
1-Aug-18,30.626
2-Aug-18,30.72
3-Aug-18,30.593
6-Aug-18,30.65
7-Aug-18,30.558
8-Aug-18,30.59
9-Aug-18,30.661
10-Aug-18,30.746
13-Aug-18,30.86
14-Aug-18,30.825
15-Aug-18,30.888
16-Aug-18,30.762
17-Aug-18,30.725
20-Aug-18,30.722
21-Aug-18,30.655
22-Aug-18,30.668
23-Aug-18,30.83
24-Aug-18,30.676
27-Aug-18,30.685
28-Aug-18,30.705
29-Aug-18,30.691
30-Aug-18,30.748
31-Aug-18,30.678
3-Sep-18,30.724
4-Sep-18,30.768
5-Sep-18,30.782
6-Sep-18,30.785
7-Sep-18,30.822
10-Sep-18,30.83
11-Sep-18,30.805
12-Sep-18,30.722
13-Sep-18,30.733
14-Sep-18,30.772
17-Sep-18,30.811
18-Sep-18,30.794
19-Sep-18,30.742
20-Sep-18,30.725
21-Sep-18,30.642
24-Sep-18,30.714
25-Sep-18,30.671
26-Sep-18,30.68
27-Sep-18,30.54
28-Sep-18,30.461
1-Oct-18,30.54
2-Oct-18,30.663
3-Oct-18,30.731
4-Oct-18,30.847
5-Oct-18,30.915
8-Oct-18,30.958
9-Oct-18,30.958
10-Oct-18,31.078
11-Oct-18,30.95
12-Oct-18,30.9
15-Oct-18,30.882
16-Oct-18,30.78
17-Oct-18,30.868
18-Oct-18,30.988
19-Oct-18,30.887
22-Oct-18,30.923
23-Oct-18,30.939
24-Oct-18,30.98
25-Oct-18,30.951
26-Oct-18,30.963
29-Oct-18,30.995
30-Oct-18,30.943
31-Oct-18,30.932
1-Nov-18,30.729
2-Nov-18,30.576
5-Nov-18,30.696
6-Nov-18,30.767
7-Nov-18,30.566
8-Nov-18,30.685
9-Nov-18,30.774
12-Nov-18,30.92
13-Nov-18,30.849
14-Nov-18,30.863
15-Nov-18,30.785
16-Nov-18,30.772
19-Nov-18,30.894
20-Nov-18,30.948
21-Nov-18,30.855
22-Nov-18,30.86
23-Nov-18,30.932
26-Nov-18,30.857
27-Nov-18,30.907
28-Nov-18,30.812
29-Nov-18,30.747
30-Nov-18,30.846
3-Dec-18,30.655
4-Dec-18,30.765
5-Dec-18,30.793
6-Dec-18,30.835
7-Dec-18,30.929
10-Dec-18,30.914
11-Dec-18,30.833
12-Dec-18,30.77
13-Dec-18,30.82
14-Dec-18,30.863
17-Dec-18,30.822
18-Dec-18,30.808
19-Dec-18,30.856
20-Dec-18,30.738
21-Dec-18,30.793
22-Dec-18,30.791
24-Dec-18,30.804
25-Dec-18,30.808
26-Dec-18,30.774
27-Dec-18,30.751
28-Dec-18,30.566
31-Dec-18,30.563
1-Jan-19,30.533
2-Jan-19,30.76
3-Jan-19,30.905
4-Jan-19,30.787
7-Jan-19,30.805
8-Jan-19,30.838
9-Jan-19,30.783
10-Jan-19,30.787
11-Jan-19,30.796
14-Jan-19,30.835
15-Jan-19,30.826
16-Jan-19,30.797
17-Jan-19,30.824
18-Jan-19,30.864
21-Jan-19,30.885
22-Jan-19,30.889
23-Jan-19,30.841
24-Jan-19,30.862
25-Jan-19,30.708
28-Jan-19,30.779
29-Jan-19,30.787
30-Jan-19,30.712
31-Jan-19,30.688
1-Feb-19,30.759
4-Feb-19,30.775
5-Feb-19,30.726
6-Feb-19,30.785
7-Feb-19,30.806
8-Feb-19,30.841
11-Feb-19,30.862
12-Feb-19,30.79
13-Feb-19,30.825
14-Feb-19,30.82
15-Feb-19,30.812
18-Feb-19,30.818
19-Feb-19,30.776
20-Feb-19,30.785
21-Feb-19,30.801
22-Feb-19,30.746
23-Feb-19,30.756
25-Feb-19,30.733
26-Feb-19,30.756
27-Feb-19,30.782
28-Feb-19,30.816
1-Mar-19,30.834
4-Mar-19,30.823
5-Mar-19,30.831
6-Mar-19,30.828
7-Mar-19,30.905
8-Mar-19,30.895
11-Mar-19,30.897
12-Mar-19,30.891
13-Mar-19,30.896
14-Mar-19,30.916
15-Mar-19,30.849
18-Mar-19,30.766
19-Mar-19,30.799
20-Mar-19,30.739
21-Mar-19,30.797
22-Mar-19,30.866
25-Mar-19,30.83
26-Mar-19,30.839
27-Mar-19,30.866
28-Mar-19,30.857
29-Mar-19,30.838
1-Apr-19,30.783
2-Apr-19,30.835
3-Apr-19,30.788
4-Apr-19,30.791
5-Apr-19,30.788
8-Apr-19,30.821
9-Apr-19,30.818
10-Apr-19,30.824
11-Apr-19,30.85
12-Apr-19,30.83
15-Apr-19,30.86
16-Apr-19,30.853
17-Apr-19,30.772
18-Apr-19,30.826
19-Apr-19,30.806
22-Apr-19,30.837
23-Apr-19,30.858
24-Apr-19,30.907
25-Apr-19,30.91
26-Apr-19,30.902
29-Apr-19,30.899
30-Apr-19,30.893
1-May-19,30.917
2-May-19,30.896
3-May-19,30.857
6-May-19,30.91
7-May-19,30.93
8-May-19,30.946
9-May-19,30.991
10-May-19,30.938
13-May-19,31.1
14-May-19,31.148
15-May-19,31.067
16-May-19,31.2
17-May-19,31.363
20-May-19,31.394
21-May-19,31.439
22-May-19,31.434
23-May-19,31.52
24-May-19,31.476
27-May-19,31.444
28-May-19,31.526
29-May-19,31.546
30-May-19,31.565
31-May-19,31.524
3-Jun-19,31.385
4-Jun-19,31.35
5-Jun-19,31.354
6-Jun-19,31.296
7-Jun-19,31.354
10-Jun-19,31.353
11-Jun-19,31.38
12-Jun-19,31.41
13-Jun-19,31.464
14-Jun-19,31.498
17-Jun-19,31.494
18-Jun-19,31.303
19-Jun-19,31.149
20-Jun-19,30.955
21-Jun-19,30.944
24-Jun-19,30.93
25-Jun-19,31.072
26-Jun-19,31.015
27-Jun-19,31.013
28-Jun-19,30.958
1-Jul-19,30.992
2-Jul-19,30.992
3-Jul-19,31.072
4-Jul-19,31.033
5-Jul-19,31.168
8-Jul-19,31.172
9-Jul-19,31.161
10-Jul-19,31.037
11-Jul-19,31.013
12-Jul-19,31.038
15-Jul-19,31.036
16-Jul-19,31.056
17-Jul-19,31.045
18-Jul-19,30.969
19-Jul-19,31.031
22-Jul-19,31.058
23-Jul-19,31.085
24-Jul-19,31.079
25-Jul-19,31.074
26-Jul-19,31.082
29-Jul-19,31.081
30-Jul-19,31.078
31-Jul-19,31.154
1-Aug-19,31.325
2-Aug-19,31.451
5-Aug-19,31.684
6-Aug-19,31.456
7-Aug-19,31.426
8-Aug-19,31.287
9-Aug-19,31.367
12-Aug-19,31.459
13-Aug-19,31.144
14-Aug-19,31.399
15-Aug-19,31.288
16-Aug-19,31.301
19-Aug-19,31.364
20-Aug-19,31.327
21-Aug-19,31.329
22-Aug-19,31.363
23-Aug-19,31.419
26-Aug-19,31.377
27-Aug-19,31.403
28-Aug-19,31.393
29-Aug-19,31.307
30-Aug-19,31.318
2-Sep-19,31.375
3-Sep-19,31.358
4-Sep-19,31.254
5-Sep-19,31.26
6-Sep-19,31.181
9-Sep-19,31.197
10-Sep-19,31.185
11-Sep-19,31.124
12-Sep-19,30.907
13-Sep-19,30.916
16-Sep-19,30.895
17-Sep-19,30.925
18-Sep-19,30.956
19-Sep-19,30.991
20-Sep-19,30.982
23-Sep-19,30.971
24-Sep-19,31.036
25-Sep-19,31.019
26-Sep-19,31.021
27-Sep-19,31.032
30-Sep-19,31.039
1-Oct-19,31.082
2-Oct-19,31.028
3-Oct-19,30.974
4-Oct-19,30.877
7-Oct-19,30.886
8-Oct-19,30.82
9-Oct-19,30.752
10-Oct-19,30.638
11-Oct-19,30.626
14-Oct-19,30.602
15-Oct-19,30.61
16-Oct-19,30.679
17-Oct-19,30.613
18-Oct-19,30.535
21-Oct-19,30.518
22-Oct-19,30.578
23-Oct-19,30.574
24-Oct-19,30.591
25-Oct-19,30.563
28-Oct-19,30.55
29-Oct-19,30.492
30-Oct-19,30.376
31-Oct-19,30.478
1-Nov-19,30.436
4-Nov-19,30.385
5-Nov-19,30.395
6-Nov-19,30.395
7-Nov-19,30.33
8-Nov-19,30.381
11-Nov-19,30.403
12-Nov-19,30.464
13-Nov-19,30.504
14-Nov-19,30.499
15-Nov-19,30.492
18-Nov-19,30.499
19-Nov-19,30.52
20-Nov-19,30.509
21-Nov-19,30.509
22-Nov-19,30.558
25-Nov-19,30.492
26-Nov-19,30.495
27-Nov-19,30.495
28-Nov-19,30.475
29-Nov-19,30.514
2-Dec-19,30.488
3-Dec-19,30.495
4-Dec-19,30.464
5-Dec-19,30.464
6-Dec-19,30.422
9-Dec-19,30.464
10-Dec-19,30.444
11-Dec-19,30.411
12-Dec-19,30.222
13-Dec-19,30.218
16-Dec-19,30.104
17-Dec-19,30.145
18-Dec-19,30.151
19-Dec-19,30.154
20-Dec-19,30.111
23-Dec-19,30.141
24-Dec-19,30.142
25-Dec-19,30.065
26-Dec-19,30.088
27-Dec-19,30.083
30-Dec-19,30.088
31-Dec-19,29.909
1-Jan-20,29.914
2-Jan-20,29.987
3-Jan-20,30.044
6-Jan-20,30.056
7-Jan-20,30.039
8-Jan-20,30.017
9-Jan-20,29.968
10-Jan-20,29.96
13-Jan-20,29.872
14-Jan-20,29.901
15-Jan-20,29.915
16-Jan-20,29.915
17-Jan-20,29.948
20-Jan-20,29.954
21-Jan-20,30.046
22-Jan-20,29.982
23-Jan-20,30.031
24-Jan-20,30.041
27-Jan-20,30.177
28-Jan-20,30.056
29-Jan-20,30.076
30-Jan-20,30.25
31-Jan-20,30.346
3-Feb-20,30.237
4-Feb-20,30.085
5-Feb-20,30.016
6-Feb-20,30.07
7-Feb-20,30.169
10-Feb-20,30.085
11-Feb-20,30.022
12-Feb-20,29.981
13-Feb-20,29.998
14-Feb-20,30.024
17-Feb-20,30.009
18-Feb-20,30.098
19-Feb-20,30.156
20-Feb-20,30.363
21-Feb-20,30.385
24-Feb-20,30.43
25-Feb-20,30.396
26-Feb-20,30.267
27-Feb-20,30.261
28-Feb-20,30.122
2-Mar-20,29.85
3-Mar-20,29.891
4-Mar-20,29.912
5-Mar-20,29.946
6-Mar-20,29.9
9-Mar-20,29.985
10-Mar-20,29.918
11-Mar-20,30.143
12-Mar-20,30.167
13-Mar-20,30.135
16-Mar-20,30.236
17-Mar-20,30.194
18-Mar-20,30.35
19-Mar-20,30.464
20-Mar-20,30.265
23-Mar-20,30.249
24-Mar-20,30.161
25-Mar-20,30.293
26-Mar-20,30.204
27-Mar-20,30.181
30-Mar-20,30.276
31-Mar-20,30.268
1-Apr-20,30.292
2-Apr-20,30.186
3-Apr-20,30.235
6-Apr-20,30.199
7-Apr-20,30.089
8-Apr-20,30.107
9-Apr-20,30.068
10-Apr-20,30.036
13-Apr-20,30.069
14-Apr-20,30.039
15-Apr-20,30.087
16-Apr-20,30.106
17-Apr-20,30.035
20-Apr-20,30.029
21-Apr-20,30.078
22-Apr-20,30.082
23-Apr-20,30.061
24-Apr-20,30.08
27-Apr-20,30.03
28-Apr-20,29.96
29-Apr-20,29.829
30-Apr-20,29.776
1-May-20,29.893
4-May-20,29.808
5-May-20,29.864
6-May-20,29.996
7-May-20,29.885
8-May-20,29.845
11-May-20,29.861
12-May-20,29.91
13-May-20,29.898
14-May-20,29.879
15-May-20,29.954
18-May-20,29.931
19-May-20,29.93
20-May-20,29.915
21-May-20,29.922
22-May-20,30.069
25-May-20,30.025
26-May-20,29.96
27-May-20,30.031
28-May-20,29.985
29-May-20,29.944
1-Jun-20,29.883
2-Jun-20,29.926
3-Jun-20,29.9
4-Jun-20,29.89
5-Jun-20,29.675
8-Jun-20,29.659
9-Jun-20,29.724
10-Jun-20,29.587
11-Jun-20,29.689
12-Jun-20,29.629
15-Jun-20,29.629
16-Jun-20,29.654
17-Jun-20,29.612
18-Jun-20,29.597
19-Jun-20,29.589
22-Jun-20,29.593
23-Jun-20,29.546
24-Jun-20,29.518
25-Jun-20,29.499
26-Jun-20,29.522
29-Jun-20,29.448
30-Jun-20,29.412
1-Jul-20,29.433
2-Jul-20,29.434
3-Jul-20,29.449
6-Jul-20,29.377
7-Jul-20,29.468
8-Jul-20,29.431
9-Jul-20,29.411
10-Jul-20,29.463
13-Jul-20,29.433
14-Jul-20,29.458
15-Jul-20,29.499
16-Jul-20,29.452
17-Jul-20,29.453
20-Jul-20,29.446
21-Jul-20,29.414
22-Jul-20,29.432
23-Jul-20,29.428
24-Jul-20,29.451
27-Jul-20,29.301
28-Jul-20,29.324
29-Jul-20,29.256
30-Jul-20,29.287
31-Jul-20,29.337
3-Aug-20,29.341
4-Aug-20,29.375
5-Aug-20,29.357
6-Aug-20,29.379
7-Aug-20,29.421
10-Aug-20,29.386
11-Aug-20,29.392
12-Aug-20,29.354
13-Aug-20,29.43
14-Aug-20,29.392
17-Aug-20,29.386
18-Aug-20,29.381
19-Aug-20,29.381
20-Aug-20,29.393
21-Aug-20,29.392
24-Aug-20,29.365
25-Aug-20,29.358
26-Aug-20,29.348
27-Aug-20,29.378
28-Aug-20,29.338
31-Aug-20,29.365
1-Sep-20,29.353
2-Sep-20,29.357
3-Sep-20,29.342
4-Sep-20,29.324
7-Sep-20,29.308
8-Sep-20,29.258
9-Sep-20,29.277
10-Sep-20,29.279
11-Sep-20,29.291
14-Sep-20,29.245
15-Sep-20,29.217
16-Sep-20,29.234
17-Sep-20,29.126
18-Sep-20,28.985
21-Sep-20,28.963
22-Sep-20,29.032
23-Sep-20,29.151
24-Sep-20,29.262
25-Sep-20,29.253
28-Sep-20,29.094
29-Sep-20,28.999
30-Sep-20,28.923
1-Oct-20,28.863
2-Oct-20,28.92
5-Oct-20,28.732
6-Oct-20,28.817
7-Oct-20,28.663
8-Oct-20,28.638
9-Oct-20,28.612
12-Oct-20,28.599
13-Oct-20,28.742
14-Oct-20,28.753
15-Oct-20,28.746
16-Oct-20,28.782
19-Oct-20,28.729
20-Oct-20,28.7
21-Oct-20,28.678
22-Oct-20,28.713
23-Oct-20,28.618
26-Oct-20,28.599
27-Oct-20,28.589
28-Oct-20,28.597
29-Oct-20,28.597
30-Oct-20,28.584
2-Nov-20,28.561
3-Nov-20,28.606
4-Nov-20,28.552
5-Nov-20,28.51
6-Nov-20,28.567
9-Nov-20,28.627
10-Nov-20,28.587
11-Nov-20,28.512
12-Nov-20,28.51
13-Nov-20,28.459
16-Nov-20,28.479
17-Nov-20,28.511
18-Nov-20,28.496
19-Nov-20,28.511
20-Nov-20,28.525
23-Nov-20,28.525
24-Nov-20,28.486
25-Nov-20,28.48
26-Nov-20,28.499
27-Nov-20,28.504
30-Nov-20,28.576
1-Dec-20,28.513
2-Dec-20,28.481
3-Dec-20,28.412
4-Dec-20,28.201
7-Dec-20,28.224
8-Dec-20,28.241
9-Dec-20,28.25
10-Dec-20,28.175
11-Dec-20,28.177
14-Dec-20,28.114
15-Dec-20,28.125
16-Dec-20,28.133
17-Dec-20,28.146
18-Dec-20,28.154
21-Dec-20,28.137
22-Dec-20,28.137
23-Dec-20,28.134
24-Dec-20,28.106
25-Dec-20,28.123
28-Dec-20,28.118
29-Dec-20,28.094
30-Dec-20,28.109
31-Dec-20,28.085
